<?xml version='1.0' encoding='utf-8' standalone='yes' ?>
<map>
    <string name="prev_event_name">af_app_opened</string>
    <int name="AF_CACHE_VERSION" value="2" />
    <boolean name="didSendRevenueTriggerOnLastBackground" value="false" />
    <long name="prev_event_timestamp" value="1769832416064" />
    <int name="appsFlyerInAppEventCount" value="1" />
    <string name="gcd">{&quot;retries&quot;:0,&quot;net&quot;:2699}</string>
    <long name="prev_session_dur" value="5" />
    <boolean name="ddl_sent" value="true" />
    <long name="af_rc_max_age" value="86400" />
    <string name="sentSuccessfully">true</string>
    <int name="versionCode" value="11" />
    <string name="af_remote_config">eyJmZWF0dXJlcyI6e30sInZlciI6ImRlZmF1bHQudjEuMTYzNzE0OTUyOSJ9</string>
    <string name="savedProperties">{&quot;waitForCustomerId&quot;:&quot;false&quot;,&quot;logLevel&quot;:&quot;0&quot;,&quot;additionalCustomData&quot;:&quot;{\&quot;ta_account_id\&quot;:\&quot;\&quot;,\&quot;ta_distinct_id\&quot;:\&quot;298281f5-d4b4-4f19-be31-4da5e31d23cb\&quot;}&quot;,&quot;AppUserId&quot;:&quot;298281f5-d4b4-4f19-be31-4da5e31d23cb&quot;}</string>
    <string name="AF_INSTALLATION">1769832411708-2225113155258583010</string>
    <boolean name="afUninstallToken_queued" value="false" />
    <int name="appsFlyerCount" value="3" />
    <long name="af_rc_timestamp" value="1769832411952" />
    <long name="AppsFlyerTimePassedSincePrevLaunch" value="1769832417305" />
    <boolean name="newGPReferrerSent" value="true" />
    <string name="appsFlyerFirstInstall">2026-01-31_093651+0530</string>
    <string name="attributionId">{&quot;install_time&quot;:&quot;2026-01-31 04:06:55.987&quot;,&quot;af_message&quot;:&quot;organic install&quot;,&quot;af_status&quot;:&quot;Organic&quot;,&quot;is_first_launch&quot;:false}</string>
</map>
