<?xml version='1.0' encoding='utf-8' standalone='yes' ?>
<map>
    <long name="first_open_time" value="1769832410449" />
    <string name="gmp_app_id">1:1073999795349:android:d03ef8f465cd9b0c85779c</string>
    <string name="app_instance_id">cae4f6783c55f1c25800d446019a624f</string>
    <long name="session_id" value="1769832411" />
    <boolean name="app_backgrounded" value="true" />
    <long name="health_monitor:start" value="1769832411029" />
    <boolean name="use_service" value="true" />
    <boolean name="deferred_analytics_collection" value="false" />
    <string name="previous_os_version">15</string>
    <boolean name="has_been_opened" value="true" />
    <boolean name="allow_remote_dynamite" value="true" />
    <long name="last_pause_time" value="1769832422143" />
    <boolean name="start_new_session" value="false" />
</map>
