{"Fid":"dqm4g-euTaeOSAZX6GZkYi","Status":3,"AuthToken":"eyJhbGciOiJFUzI1NiIsInR5cCI6IkpXVCJ9.eyJhcHBJZCI6IjE6MTA3Mzk5OTc5NTM0OTphbmRyb2lkOmQwM2VmOGY0NjVjZDliMGM4NTc3OWMiLCJleHAiOjE3NzA0MzcyMTEsImZpZCI6ImRxbTRnLWV1VGFlT1NBWlg2R1prWWkiLCJwcm9qZWN0TnVtYmVyIjoxMDczOTk5Nzk1MzQ5fQ.AB2LPV8wRgIhALpgcNNuxmARRGGAVqWP3vsKFEASMqJghf7Q0Sz1QL_OAiEAzGzFpYjh5LcUA_IYBvq51O2Uohe4H5Gemh6YGUsP4zk","RefreshToken":"3_AS3qfwKGMbZCfOWC6VvZTdD3oOMYKNAzpwfwx7sANAQFLAmGLj77nMj3mjnb2zGBnqtX-9Z6RATGI09bC8kY3RB6pjAx3o94BAd8Ijt7vnSi1XA","TokenCreationEpochInSecs":1769832411,"ExpiresInSecs":604800}